Workbook

Sheet Start Here
A1: Clinic Capacity Audit | Start Here
A2: Use this workbook to audit 16 weeks of physician clinic capacity, identify PTO and scheduling gaps, and compare capacity with successful new-patient weeks.
A4: Audit Timeline
A5: First 4 weeks | B5: Complete by August 14, 2026
A6: Remaining 12 weeks | B6: Complete by August 31, 2026
A8: How a Clinic Day Is Counted
A9: For the CEO's simple executive measure, one full physician clinic day = 1.0 and one half-day = 0.5. Do not weight the initial count by physician, location, or day of week. Because clinic days are not operationally equal, use the Capacity Notes fields to document clinic length, location, timing, new-patient slots, or late schedule openings that materially change usable capacity.
A12: Working Assumptions (editable)
A13: Spine standard clinic days | B13: 9 | D13: Standard expectation; 8 is an exception, not the target.
A14: Spine absolute floor | B14: 8 | D14: No upcoming week should fall below this level.
A15: Ortho minimum | 0 physicians out | B15: 16 | D15: Full Ortho roster available - all 7 Ortho surgeons (see Physician Roster tab).
A16: Ortho minimum | 1 physician out | B16: 15 | D16: One Ortho physician out.
A17: Ortho minimum | 2 physicians out | B17: 14 | D17: Two Ortho physicians out; more than two requires review.
A18: Spine new-patient success level | B18: 60 | D18: Historical benchmark threshold.
A19: Ortho new-patient success level | B19: 130 | D19: Historical benchmark threshold.
A21: Color Key
A22: Yellow = Kelley input | C22: Green = meets target | E22: Orange = exception/review | G22: Red = action required
A23: Gray = calculated / not started | C23: Gray cells fill themselves - never type in them. Status colors update automatically as the audit is completed.
A26: Who Completes What
A27: Kelley (scheduling / call center) enters the yellow cells on the Weekly Audit and Historical Benchmarks tabs. Katie (operations) reviews statuses and flags to plan coverage, clinic-day additions, or PTO changes. The Dashboard is the executive view connecting clinic capacity to new-patient performance.
A29: Who Is Counted
A30: Clinic-day counts cover the physicians on the Physician Roster tab (Ortho & Spine only). The Ortho count covers the 7 Ortho surgeons; "Ortho Physicians Out" means how many of those 7 are out - enter 0 when everyone is available (blank is treated as 0). The roster lists spine surgeons and interventional pain physicians separately so the same inclusion rule is applied every week. Three names on the Sept 7 schedule are pending confirmation - see the roster tab.

Sheet Physician Roster
A1: Physician Roster | Ortho & Spine
A2: Reference roster for this audit - Ortho and Spine service lines only. The Weekly Audit clinic-day counts and "Ortho Physicians Out" refer to the physicians below.
A4: Physician | B4: Service Line | C4: Credentials | D4: Role / Focus | E4: On Sept 7 Schedule? | F4: Name on Schedule | G4: Spine New Patients Jan 1 - Jul 15, 2026 | H4: Notes
A5: SPINE - Surgeons
A6: Jeffrey Varghese | B6: Spine Surgeon | C6: MD | D6: Spinal deformity correction + minimally invasive spine; research background at Hospital for Special Surgery | E6: Yes | F6: J Varghese | G6: 168
A7: Mohamed Salar | B7: Spine Surgeon | C7: MD | D7: Minimally invasive spine procedures | E7: Yes | F7: M Salar | G7: 303
A8: Joseph Maslak | B8: Spine Surgeon | C8: MD | D8: Board-certified, fellowship-trained spine surgeon (Cleveland Clinic training) | E8: Yes | F8: J Maslak | G8: 309
A9: Scott McCarty | B9: Spine Surgeon | C9: MD | D9: Spine surgeon - integrated spine team | E9: Yes | F9: S McCarty | G9: 480 | H9: Highest spine new-patient volume YTD.
A10: Lucia Zamorano | B10: Spine Surgeon | C10: MD, FAANOS, FICS | D10: Neurosurgeon (spine/brain) - board-certified, fellowship-trained | E10: Yes | F10: L Zamorano / "Dr. Zam." | G10: 51 | H10: Troy clinics Mon & Thu; 1st Monday of month blocked at hospital (per schedule note).
A11: A. Munk | B11: Spine Surgeon | C11: MD | D11: Spine physician | E11: Yes | F11: A Munk | G11: 113 | H11: Confirm listing/role with practice - appears in internal data and on the schedule, not on the website provider pages.
A12: SPINE - Interventional Pain (non-surgical spine)
A13: Anthony J. Oddo | B13: Spine Pain | C13: DO | D13: Director of Pain Management - spine pain, injections | E13: Yes | F13: A Oddo
A14: Kevin R. Lee | B14: Spine Pain | C14: MD | D14: Pain management + functional neurosurgery - minimally invasive | E14: Yes | F14: K Lee
A15: Brian Kassa | B15: Spine Pain | C15: DO | D15: Fellowship-trained pain management - spine & joint interventions | E15: Yes | F15: B Kassa
A16: Hanish Singh | B16: Spine Pain | C16: MD | D16: Pain management - spine diagnostics, injections | E16: Yes | F16: H Singh
A17: ORTHO - Surgeons
A18: Jeffrey Mendelson | B18: Ortho Surgeon | C18: MD | D18: Chief of Orthopedic Surgery | E18: Yes | F18: Jeffrey Mendelson
A19: David Mendelson | B19: Ortho Surgeon | C19: MD | D19: Fellowship-trained orthopedic surgeon | E19: Yes | F19: David Mendelson
A20: Stephen Mendelson | B20: Ortho Surgeon | C20: MD | D20: Orthopedic surgeon (fellowship-trained, Israel) | E20: Yes | F20: Stephen Mendelson
A21: Alice Mendelson | B21: Ortho Surgeon | C21: MD | D21: Women's bone health, fracture prevention | E21: Yes | F21: Alice Mendelson
A22: Preetinder Bhullar | B22: Ortho Surgeon | C22: MD | D22: Hip & knee replacement (arthroplasty) | E22: Yes | F22: Bhullar
A23: Ben Mayo | B23: Ortho Surgeon | C23: MD | D23: Sports medicine | E23: Yes | F23: Mayo
A24: Joseph Yacisen | B24: Ortho Surgeon | C24: DO | D24: Sports medicine (25+ yrs; military service) | E24: Yes | F24: Yacisen | H24: Harbor Beach weeks 2 & 4 (per schedule note).
A26: Roster Counts
A27: Spine surgeons | C27: =COUNTIF($B$6:$B$24,"Spine Surgeon") -> 6 | D27: Counts the roster rows above by Service Line.
A28: Spine interventional pain physicians | C28: =COUNTIF($B$6:$B$24,"Spine Pain") -> 4
A29: Spine-capable physicians (total) | C29: =C27+C28 -> 10 | D29: Roster doc cites 9 (A. Munk pending confirmation with the practice); 10 if confirmed.
A30: Ortho surgeons | C30: =COUNTIF($B$6:$B$24,"Ortho Surgeon") -> 7 | D30: Matches the Start Here assumption: 16 required days = full 7-surgeon roster available.
A31: Spine new patients | Jan 1 - Jul 15, 2026 | C31: =SUM($G$6:$G$11) -> 1424 | D31: Internal new-patient data via the roster doc. Volume does not equal conversion.
A33: Confirm With Practice Before Treating This Roster as Final
A34: J. Heyl - on the Sept 7 schedule (listed under Pain; grouped with the spine physicians on the Proposed tab with a Sept 1 start). Not on the July 15 website provider roster. Confirm role before counting toward Spine capacity.
A35: S. Zaremba - on the Sept 7 schedule under Pain; not on the website provider roster. Confirm role before counting.
A36: "Jerry" - Ortho clinic block on the Sept 7 schedule with no matching roster name. Confirm which physician this is before counting those days toward Ortho capacity.
A38: Sources
A39: Physicians: brand/provider-roster-by-service-line.md (synergyhealth.org /providers/ crawl + page metadata, July 15, 2026) - Ortho and Spine service lines only, as requested. Schedule cross-check: ASC_Clinic_Schedule_Sept_7th.xlsx ("Clinic and ASC Schedule" and "Proposed" tabs) - every physician listed above appears on that schedule. Spine new-patient counts: internal new-patient data, Jan 1 - Jul 15, 2026, via the same roster doc. Hand, foot & ankle, primary care, PT/OT, and PA staff are intentionally excluded.

Sheet Weekly Audit
A1: 16-Week Clinic Capacity Audit
A2: Enter yellow cells only. Totals, thresholds, status flags, and the dashboard update automatically.
A4: SPINE CAPACITY | I4: ORTHO CAPACITY | O4: NEW-PATIENT PERFORMANCE | S4: CONTEXT & ACTION
A6: Week # | B6: Week Starting | C6: Audit Phase | D6: Spine Full Days | E6: Spine Half-Days | F6: Spine Total Days | G6: Spine Standard | H6: Spine Status | I6: Ortho Full Days | J6: Ortho Half-Days | K6: Ortho Total Days | L6: Ortho Physicians Out | M6: Ortho Required | N6: Ortho Status | O6: Spine New Patients | P6: Spine 60+ | Q6: Ortho New Patients | R6: Ortho 130+ | S6: Physicians Out / PTO | T6: Surgery / Other Conflict | U6: Capacity Notes | V6: Planned Action | W6: System Flag
A7: 1 | B7: 46244 | C7: First 4 | F7: =IF(COUNT(D7:E7)=0,"",D7+(E7*0.5)) | G7: ='Start Here'!$B$13 -> 9 | H7: =IF(F7="","Not Started",IF(F7<'Start Here'!$B$14,"Below Floor",IF(F7<'Start Here'!$B$13,"Exception","Meets"))) -> Not Started | K7: =IF(COUNT(I7:J7)=0,"",I7+(J7*0.5)) | M7: =IF(K7="","",IF(L7="",'Start Here'!$B$15,IF(L7>=2,'Start Here'!$B$17,IF(L7=1,'Start Here'!$B$16,'Start Here'!$B$15)))) | N7: =IF(K7="","Not Started",IF(L7>2,"Review PTO",IF(K7<M7,"Below Minimum","Meets"))) -> Not Started | P7: =IF(O7="","",IF(O7>='Start Here'!$B$18,'Start Here'!$B$18&"+ Achieved","Below "&'Start Here'!$B$18)) | R7: =IF(Q7="","",IF(Q7>='Start Here'!$B$19,'Start Here'!$B$19&"+ Achieved","Below "&'Start Here'!$B$19)) | W7: =IF(OR(H7="Below Floor",N7="Below Minimum",N7="Review PTO"),"Action Required",IF(H7="Exception","Review",IF(AND(H7="Not Started",N7="Not Started"),"Not Started",IF(OR(H7="Not Started",N7="Not Started"),"In Progress","No Gap")))) -> Not Started
A8: 2 | B8: 46251 | C8: First 4 | F8: =IF(COUNT(D8:E8)=0,"",D8+(E8*0.5)) | G8: ='Start Here'!$B$13 -> 9 | H8: =IF(F8="","Not Started",IF(F8<'Start Here'!$B$14,"Below Floor",IF(F8<'Start Here'!$B$13,"Exception","Meets"))) -> Not Started | K8: =IF(COUNT(I8:J8)=0,"",I8+(J8*0.5)) | M8: =IF(K8="","",IF(L8="",'Start Here'!$B$15,IF(L8>=2,'Start Here'!$B$17,IF(L8=1,'Start Here'!$B$16,'Start Here'!$B$15)))) | N8: =IF(K8="","Not Started",IF(L8>2,"Review PTO",IF(K8<M8,"Below Minimum","Meets"))) -> Not Started | P8: =IF(O8="","",IF(O8>='Start Here'!$B$18,'Start Here'!$B$18&"+ Achieved","Below "&'Start Here'!$B$18)) | R8: =IF(Q8="","",IF(Q8>='Start Here'!$B$19,'Start Here'!$B$19&"+ Achieved","Below "&'Start Here'!$B$19)) | W8: =IF(OR(H8="Below Floor",N8="Below Minimum",N8="Review PTO"),"Action Required",IF(H8="Exception","Review",IF(AND(H8="Not Started",N8="Not Started"),"Not Started",IF(OR(H8="Not Started",N8="Not Started"),"In Progress","No Gap")))) -> Not Started
A9: 3 | B9: 46258 | C9: First 4 | F9: =IF(COUNT(D9:E9)=0,"",D9+(E9*0.5)) | G9: ='Start Here'!$B$13 -> 9 | H9: =IF(F9="","Not Started",IF(F9<'Start Here'!$B$14,"Below Floor",IF(F9<'Start Here'!$B$13,"Exception","Meets"))) -> Not Started | K9: =IF(COUNT(I9:J9)=0,"",I9+(J9*0.5)) | M9: =IF(K9="","",IF(L9="",'Start Here'!$B$15,IF(L9>=2,'Start Here'!$B$17,IF(L9=1,'Start Here'!$B$16,'Start Here'!$B$15)))) | N9: =IF(K9="","Not Started",IF(L9>2,"Review PTO",IF(K9<M9,"Below Minimum","Meets"))) -> Not Started | P9: =IF(O9="","",IF(O9>='Start Here'!$B$18,'Start Here'!$B$18&"+ Achieved","Below "&'Start Here'!$B$18)) | R9: =IF(Q9="","",IF(Q9>='Start Here'!$B$19,'Start Here'!$B$19&"+ Achieved","Below "&'Start Here'!$B$19)) | W9: =IF(OR(H9="Below Floor",N9="Below Minimum",N9="Review PTO"),"Action Required",IF(H9="Exception","Review",IF(AND(H9="Not Started",N9="Not Started"),"Not Started",IF(OR(H9="Not Started",N9="Not Started"),"In Progress","No Gap")))) -> Not Started
A10: 4 | B10: 46265 | C10: First 4 | F10: =IF(COUNT(D10:E10)=0,"",D10+(E10*0.5)) | G10: ='Start Here'!$B$13 -> 9 | H10: =IF(F10="","Not Started",IF(F10<'Start Here'!$B$14,"Below Floor",IF(F10<'Start Here'!$B$13,"Exception","Meets"))) -> Not Started | K10: =IF(COUNT(I10:J10)=0,"",I10+(J10*0.5)) | M10: =IF(K10="","",IF(L10="",'Start Here'!$B$15,IF(L10>=2,'Start Here'!$B$17,IF(L10=1,'Start Here'!$B$16,'Start Here'!$B$15)))) | N10: =IF(K10="","Not Started",IF(L10>2,"Review PTO",IF(K10<M10,"Below Minimum","Meets"))) -> Not Started | P10: =IF(O10="","",IF(O10>='Start Here'!$B$18,'Start Here'!$B$18&"+ Achieved","Below "&'Start Here'!$B$18)) | R10: =IF(Q10="","",IF(Q10>='Start Here'!$B$19,'Start Here'!$B$19&"+ Achieved","Below "&'Start Here'!$B$19)) | W10: =IF(OR(H10="Below Floor",N10="Below Minimum",N10="Review PTO"),"Action Required",IF(H10="Exception","Review",IF(AND(H10="Not Started",N10="Not Started"),"Not Started",IF(OR(H10="Not Started",N10="Not Started"),"In Progress","No Gap")))) -> Not Started
A11: 5 | B11: 46272 | C11: Remaining 12 | F11: =IF(COUNT(D11:E11)=0,"",D11+(E11*0.5)) | G11: ='Start Here'!$B$13 -> 9 | H11: =IF(F11="","Not Started",IF(F11<'Start Here'!$B$14,"Below Floor",IF(F11<'Start Here'!$B$13,"Exception","Meets"))) -> Not Started | K11: =IF(COUNT(I11:J11)=0,"",I11+(J11*0.5)) | M11: =IF(K11="","",IF(L11="",'Start Here'!$B$15,IF(L11>=2,'Start Here'!$B$17,IF(L11=1,'Start Here'!$B$16,'Start Here'!$B$15)))) | N11: =IF(K11="","Not Started",IF(L11>2,"Review PTO",IF(K11<M11,"Below Minimum","Meets"))) -> Not Started | P11: =IF(O11="","",IF(O11>='Start Here'!$B$18,'Start Here'!$B$18&"+ Achieved","Below "&'Start Here'!$B$18)) | R11: =IF(Q11="","",IF(Q11>='Start Here'!$B$19,'Start Here'!$B$19&"+ Achieved","Below "&'Start Here'!$B$19)) | W11: =IF(OR(H11="Below Floor",N11="Below Minimum",N11="Review PTO"),"Action Required",IF(H11="Exception","Review",IF(AND(H11="Not Started",N11="Not Started"),"Not Started",IF(OR(H11="Not Started",N11="Not Started"),"In Progress","No Gap")))) -> Not Started
A12: 6 | B12: 46279 | C12: Remaining 12 | F12: =IF(COUNT(D12:E12)=0,"",D12+(E12*0.5)) | G12: ='Start Here'!$B$13 -> 9 | H12: =IF(F12="","Not Started",IF(F12<'Start Here'!$B$14,"Below Floor",IF(F12<'Start Here'!$B$13,"Exception","Meets"))) -> Not Started | K12: =IF(COUNT(I12:J12)=0,"",I12+(J12*0.5)) | M12: =IF(K12="","",IF(L12="",'Start Here'!$B$15,IF(L12>=2,'Start Here'!$B$17,IF(L12=1,'Start Here'!$B$16,'Start Here'!$B$15)))) | N12: =IF(K12="","Not Started",IF(L12>2,"Review PTO",IF(K12<M12,"Below Minimum","Meets"))) -> Not Started | P12: =IF(O12="","",IF(O12>='Start Here'!$B$18,'Start Here'!$B$18&"+ Achieved","Below "&'Start Here'!$B$18)) | R12: =IF(Q12="","",IF(Q12>='Start Here'!$B$19,'Start Here'!$B$19&"+ Achieved","Below "&'Start Here'!$B$19)) | W12: =IF(OR(H12="Below Floor",N12="Below Minimum",N12="Review PTO"),"Action Required",IF(H12="Exception","Review",IF(AND(H12="Not Started",N12="Not Started"),"Not Started",IF(OR(H12="Not Started",N12="Not Started"),"In Progress","No Gap")))) -> Not Started
A13: 7 | B13: 46286 | C13: Remaining 12 | F13: =IF(COUNT(D13:E13)=0,"",D13+(E13*0.5)) | G13: ='Start Here'!$B$13 -> 9 | H13: =IF(F13="","Not Started",IF(F13<'Start Here'!$B$14,"Below Floor",IF(F13<'Start Here'!$B$13,"Exception","Meets"))) -> Not Started | K13: =IF(COUNT(I13:J13)=0,"",I13+(J13*0.5)) | M13: =IF(K13="","",IF(L13="",'Start Here'!$B$15,IF(L13>=2,'Start Here'!$B$17,IF(L13=1,'Start Here'!$B$16,'Start Here'!$B$15)))) | N13: =IF(K13="","Not Started",IF(L13>2,"Review PTO",IF(K13<M13,"Below Minimum","Meets"))) -> Not Started | P13: =IF(O13="","",IF(O13>='Start Here'!$B$18,'Start Here'!$B$18&"+ Achieved","Below "&'Start Here'!$B$18)) | R13: =IF(Q13="","",IF(Q13>='Start Here'!$B$19,'Start Here'!$B$19&"+ Achieved","Below "&'Start Here'!$B$19)) | W13: =IF(OR(H13="Below Floor",N13="Below Minimum",N13="Review PTO"),"Action Required",IF(H13="Exception","Review",IF(AND(H13="Not Started",N13="Not Started"),"Not Started",IF(OR(H13="Not Started",N13="Not Started"),"In Progress","No Gap")))) -> Not Started
A14: 8 | B14: 46293 | C14: Remaining 12 | F14: =IF(COUNT(D14:E14)=0,"",D14+(E14*0.5)) | G14: ='Start Here'!$B$13 -> 9 | H14: =IF(F14="","Not Started",IF(F14<'Start Here'!$B$14,"Below Floor",IF(F14<'Start Here'!$B$13,"Exception","Meets"))) -> Not Started | K14: =IF(COUNT(I14:J14)=0,"",I14+(J14*0.5)) | M14: =IF(K14="","",IF(L14="",'Start Here'!$B$15,IF(L14>=2,'Start Here'!$B$17,IF(L14=1,'Start Here'!$B$16,'Start Here'!$B$15)))) | N14: =IF(K14="","Not Started",IF(L14>2,"Review PTO",IF(K14<M14,"Below Minimum","Meets"))) -> Not Started | P14: =IF(O14="","",IF(O14>='Start Here'!$B$18,'Start Here'!$B$18&"+ Achieved","Below "&'Start Here'!$B$18)) | R14: =IF(Q14="","",IF(Q14>='Start Here'!$B$19,'Start Here'!$B$19&"+ Achieved","Below "&'Start Here'!$B$19)) | W14: =IF(OR(H14="Below Floor",N14="Below Minimum",N14="Review PTO"),"Action Required",IF(H14="Exception","Review",IF(AND(H14="Not Started",N14="Not Started"),"Not Started",IF(OR(H14="Not Started",N14="Not Started"),"In Progress","No Gap")))) -> Not Started
A15: 9 | B15: 46300 | C15: Remaining 12 | F15: =IF(COUNT(D15:E15)=0,"",D15+(E15*0.5)) | G15: ='Start Here'!$B$13 -> 9 | H15: =IF(F15="","Not Started",IF(F15<'Start Here'!$B$14,"Below Floor",IF(F15<'Start Here'!$B$13,"Exception","Meets"))) -> Not Started | K15: =IF(COUNT(I15:J15)=0,"",I15+(J15*0.5)) | M15: =IF(K15="","",IF(L15="",'Start Here'!$B$15,IF(L15>=2,'Start Here'!$B$17,IF(L15=1,'Start Here'!$B$16,'Start Here'!$B$15)))) | N15: =IF(K15="","Not Started",IF(L15>2,"Review PTO",IF(K15<M15,"Below Minimum","Meets"))) -> Not Started | P15: =IF(O15="","",IF(O15>='Start Here'!$B$18,'Start Here'!$B$18&"+ Achieved","Below "&'Start Here'!$B$18)) | R15: =IF(Q15="","",IF(Q15>='Start Here'!$B$19,'Start Here'!$B$19&"+ Achieved","Below "&'Start Here'!$B$19)) | W15: =IF(OR(H15="Below Floor",N15="Below Minimum",N15="Review PTO"),"Action Required",IF(H15="Exception","Review",IF(AND(H15="Not Started",N15="Not Started"),"Not Started",IF(OR(H15="Not Started",N15="Not Started"),"In Progress","No Gap")))) -> Not Started
A16: 10 | B16: 46307 | C16: Remaining 12 | F16: =IF(COUNT(D16:E16)=0,"",D16+(E16*0.5)) | G16: ='Start Here'!$B$13 -> 9 | H16: =IF(F16="","Not Started",IF(F16<'Start Here'!$B$14,"Below Floor",IF(F16<'Start Here'!$B$13,"Exception","Meets"))) -> Not Started | K16: =IF(COUNT(I16:J16)=0,"",I16+(J16*0.5)) | M16: =IF(K16="","",IF(L16="",'Start Here'!$B$15,IF(L16>=2,'Start Here'!$B$17,IF(L16=1,'Start Here'!$B$16,'Start Here'!$B$15)))) | N16: =IF(K16="","Not Started",IF(L16>2,"Review PTO",IF(K16<M16,"Below Minimum","Meets"))) -> Not Started | P16: =IF(O16="","",IF(O16>='Start Here'!$B$18,'Start Here'!$B$18&"+ Achieved","Below "&'Start Here'!$B$18)) | R16: =IF(Q16="","",IF(Q16>='Start Here'!$B$19,'Start Here'!$B$19&"+ Achieved","Below "&'Start Here'!$B$19)) | W16: =IF(OR(H16="Below Floor",N16="Below Minimum",N16="Review PTO"),"Action Required",IF(H16="Exception","Review",IF(AND(H16="Not Started",N16="Not Started"),"Not Started",IF(OR(H16="Not Started",N16="Not Started"),"In Progress","No Gap")))) -> Not Started
A17: 11 | B17: 46314 | C17: Remaining 12 | F17: =IF(COUNT(D17:E17)=0,"",D17+(E17*0.5)) | G17: ='Start Here'!$B$13 -> 9 | H17: =IF(F17="","Not Started",IF(F17<'Start Here'!$B$14,"Below Floor",IF(F17<'Start Here'!$B$13,"Exception","Meets"))) -> Not Started | K17: =IF(COUNT(I17:J17)=0,"",I17+(J17*0.5)) | M17: =IF(K17="","",IF(L17="",'Start Here'!$B$15,IF(L17>=2,'Start Here'!$B$17,IF(L17=1,'Start Here'!$B$16,'Start Here'!$B$15)))) | N17: =IF(K17="","Not Started",IF(L17>2,"Review PTO",IF(K17<M17,"Below Minimum","Meets"))) -> Not Started | P17: =IF(O17="","",IF(O17>='Start Here'!$B$18,'Start Here'!$B$18&"+ Achieved","Below "&'Start Here'!$B$18)) | R17: =IF(Q17="","",IF(Q17>='Start Here'!$B$19,'Start Here'!$B$19&"+ Achieved","Below "&'Start Here'!$B$19)) | W17: =IF(OR(H17="Below Floor",N17="Below Minimum",N17="Review PTO"),"Action Required",IF(H17="Exception","Review",IF(AND(H17="Not Started",N17="Not Started"),"Not Started",IF(OR(H17="Not Started",N17="Not Started"),"In Progress","No Gap")))) -> Not Started
A18: 12 | B18: 46321 | C18: Remaining 12 | F18: =IF(COUNT(D18:E18)=0,"",D18+(E18*0.5)) | G18: ='Start Here'!$B$13 -> 9 | H18: =IF(F18="","Not Started",IF(F18<'Start Here'!$B$14,"Below Floor",IF(F18<'Start Here'!$B$13,"Exception","Meets"))) -> Not Started | K18: =IF(COUNT(I18:J18)=0,"",I18+(J18*0.5)) | M18: =IF(K18="","",IF(L18="",'Start Here'!$B$15,IF(L18>=2,'Start Here'!$B$17,IF(L18=1,'Start Here'!$B$16,'Start Here'!$B$15)))) | N18: =IF(K18="","Not Started",IF(L18>2,"Review PTO",IF(K18<M18,"Below Minimum","Meets"))) -> Not Started | P18: =IF(O18="","",IF(O18>='Start Here'!$B$18,'Start Here'!$B$18&"+ Achieved","Below "&'Start Here'!$B$18)) | R18: =IF(Q18="","",IF(Q18>='Start Here'!$B$19,'Start Here'!$B$19&"+ Achieved","Below "&'Start Here'!$B$19)) | W18: =IF(OR(H18="Below Floor",N18="Below Minimum",N18="Review PTO"),"Action Required",IF(H18="Exception","Review",IF(AND(H18="Not Started",N18="Not Started"),"Not Started",IF(OR(H18="Not Started",N18="Not Started"),"In Progress","No Gap")))) -> Not Started
... A22: 16 | B22: 46349 | C22: Remaining 12 | F22: =IF(COUNT(D22:E22)=0,"",D22+(E22*0.5)) | G22: ='Start Here'!$B$13 -> 9 | H22: =IF(F22="","Not Started",IF(F22<'Start Here'!$B$14,"Below Floor",IF(F22<'Start Here'!$B$13,"Exception","Meets"))) -> Not Started | K22: =IF(COUNT(I22:J22)=0,"",I22+(J22*0.5)) | M22: =IF(K22="","",IF(L22="",'Start Here'!$B$15,IF(L22>=2,'Start Here'!$B$17,IF(L22=1,'Start Here'!$B$16,'Start Here'!$B$15)))) | N22: =IF(K22="","Not Started",IF(L22>2,"Review PTO",IF(K22<M22,"Below Minimum","Meets"))) -> Not Started | P22: =IF(O22="","",IF(O22>='Start Here'!$B$18,'Start Here'!$B$18&"+ Achieved","Below "&'Start Here'!$B$18)) | R22: =IF(Q22="","",IF(Q22>='Start Here'!$B$19,'Start Here'!$B$19&"+ Achieved","Below "&'Start Here'!$B$19)) | W22: =IF(OR(H22="Below Floor",N22="Below Minimum",N22="Review PTO"),"Action Required",IF(H22="Exception","Review",IF(AND(H22="Not Started",N22="Not Started"),"Not Started",IF(OR(H22="Not Started",N22="Not Started"),"In Progress","No Gap")))) -> Not Started

Sheet Historical Benchmarks
A1: Historical Successful-Week Benchmarks
A2: Enter recent weeks to identify how many clinic days were available when Spine achieved 60+ new patients or Ortho achieved 130+.
A4: Use the same counting rule: full day = 1.0; half-day = 0.5. Yellow cells are inputs.
A6: Week Starting | B6: Service Line | C6: Full Days | D6: Half-Days | E6: Total Clinic Days | F6: New Patients | G6: Goal | H6: Result | I6: Capacity Notes | J6: Source / Reference
E7: =IF(COUNT(C7:D7)=0,"",C7+(D7*0.5)) | G7: =IF(B7="","",IF(B7="Spine",'Start Here'!$B$18,'Start Here'!$B$19)) | H7: =IF(OR(B7="",F7=""),"",IF(F7>=G7,"Achieved","Below Goal"))
E8: =IF(COUNT(C8:D8)=0,"",C8+(D8*0.5)) | G8: =IF(B8="","",IF(B8="Spine",'Start Here'!$B$18,'Start Here'!$B$19)) | H8: =IF(OR(B8="",F8=""),"",IF(F8>=G8,"Achieved","Below Goal"))
E9: =IF(COUNT(C9:D9)=0,"",C9+(D9*0.5)) | G9: =IF(B9="","",IF(B9="Spine",'Start Here'!$B$18,'Start Here'!$B$19)) | H9: =IF(OR(B9="",F9=""),"",IF(F9>=G9,"Achieved","Below Goal"))
E10: =IF(COUNT(C10:D10)=0,"",C10+(D10*0.5)) | G10: =IF(B10="","",IF(B10="Spine",'Start Here'!$B$18,'Start Here'!$B$19)) | H10: =IF(OR(B10="",F10=""),"",IF(F10>=G10,"Achieved","Below Goal"))
E11: =IF(COUNT(C11:D11)=0,"",C11+(D11*0.5)) | G11: =IF(B11="","",IF(B11="Spine",'Start Here'!$B$18,'Start Here'!$B$19)) | H11: =IF(OR(B11="",F11=""),"",IF(F11>=G11,"Achieved","Below Goal"))
E12: =IF(COUNT(C12:D12)=0,"",C12+(D12*0.5)) | G12: =IF(B12="","",IF(B12="Spine",'Start Here'!$B$18,'Start Here'!$B$19)) | H12: =IF(OR(B12="",F12=""),"",IF(F12>=G12,"Achieved","Below Goal"))
E13: =IF(COUNT(C13:D13)=0,"",C13+(D13*0.5)) | G13: =IF(B13="","",IF(B13="Spine",'Start Here'!$B$18,'Start Here'!$B$19)) | H13: =IF(OR(B13="",F13=""),"",IF(F13>=G13,"Achieved","Below Goal"))
E14: =IF(COUNT(C14:D14)=0,"",C14+(D14*0.5)) | G14: =IF(B14="","",IF(B14="Spine",'Start Here'!$B$18,'Start Here'!$B$19)) | H14: =IF(OR(B14="",F14=""),"",IF(F14>=G14,"Achieved","Below Goal"))
E15: =IF(COUNT(C15:D15)=0,"",C15+(D15*0.5)) | G15: =IF(B15="","",IF(B15="Spine",'Start Here'!$B$18,'Start Here'!$B$19)) | H15: =IF(OR(B15="",F15=""),"",IF(F15>=G15,"Achieved","Below Goal"))
E16: =IF(COUNT(C16:D16)=0,"",C16+(D16*0.5)) | G16: =IF(B16="","",IF(B16="Spine",'Start Here'!$B$18,'Start Here'!$B$19)) | H16: =IF(OR(B16="",F16=""),"",IF(F16>=G16,"Achieved","Below Goal"))
E17: =IF(COUNT(C17:D17)=0,"",C17+(D17*0.5)) | G17: =IF(B17="","",IF(B17="Spine",'Start Here'!$B$18,'Start Here'!$B$19)) | H17: =IF(OR(B17="",F17=""),"",IF(F17>=G17,"Achieved","Below Goal"))
E18: =IF(COUNT(C18:D18)=0,"",C18+(D18*0.5)) | G18: =IF(B18="","",IF(B18="Spine",'Start Here'!$B$18,'Start Here'!$B$19)) | H18: =IF(OR(B18="",F18=""),"",IF(F18>=G18,"Achieved","Below Goal"))
... E30: =IF(COUNT(C30:D30)=0,"",C30+(D30*0.5)) | G30: =IF(B30="","",IF(B30="Spine",'Start Here'!$B$18,'Start Here'!$B$19)) | H30: =IF(OR(B30="",F30=""),"",IF(F30>=G30,"Achieved","Below Goal"))

Sheet Dashboard
A1: Clinic Capacity Audit Dashboard
A2: This view updates automatically as Kelley completes the audit.
A4: Spine Below Floor | B4: Spine Exceptions | C4: Ortho Gaps | D4: Weeks Requiring Action | E4: Spine Successful Weeks | F4: Avg Spine Days | Success | G4: Ortho Successful Weeks | H4: Avg Ortho Days | Success
A5: =COUNTIF('Weekly Audit'!$H$7:$H$22,"Below Floor") -> 0 | B5: =COUNTIF('Weekly Audit'!$H$7:$H$22,"Exception") -> 0 | C5: =COUNTIF('Weekly Audit'!$N$7:$N$22,"Below Minimum")+COUNTIF('Weekly Audit'!$N$7:$N$22,"Review PTO") -> 0 | D5: =COUNTIF('Weekly Audit'!$W$7:$W$22,"Action Required") -> 0 | E5: =COUNTIFS('Historical Benchmarks'!$B$7:$B$30,"Spine",'Historical Benchmarks'!$H$7:$H$30,"Achieved") -> 0 | F5: =IF(E5=0,"",SUMIFS('Historical Benchmarks'!$E$7:$E$30,'Historical Benchmarks'!$B$7:$B$30,"Spine",'Historical Benchmarks'!$H$7:$H$30,"Achieved")/E5) | G5: =COUNTIFS('Historical Benchmarks'!$B$7:$B$30,"Ortho",'Historical Benchmarks'!$H$7:$H$30,"Achieved") -> 0 | H5: =IF(G5=0,"",SUMIFS('Historical Benchmarks'!$E$7:$E$30,'Historical Benchmarks'!$B$7:$B$30,"Ortho",'Historical Benchmarks'!$H$7:$H$30,"Achieved")/G5)
A7: 16-Week Outlook
A8: Week Starting | B8: Spine Days | C8: Spine Status | D8: Ortho Days | E8: Ortho Required | F8: Ortho Status | G8: Spine NPs | H8: Ortho NPs
A9: ='Weekly Audit'!B7 -> 46244 | B9: =IF('Weekly Audit'!F7="","",'Weekly Audit'!F7) | C9: ='Weekly Audit'!H7 -> Not Started | D9: =IF('Weekly Audit'!K7="","",'Weekly Audit'!K7) | E9: =IF('Weekly Audit'!M7="","",'Weekly Audit'!M7) | F9: ='Weekly Audit'!N7 -> Not Started | G9: =IF('Weekly Audit'!O7="","",'Weekly Audit'!O7) | H9: =IF('Weekly Audit'!Q7="","",'Weekly Audit'!Q7)
A10: ='Weekly Audit'!B8 -> 46251 | B10: =IF('Weekly Audit'!F8="","",'Weekly Audit'!F8) | C10: ='Weekly Audit'!H8 -> Not Started | D10: =IF('Weekly Audit'!K8="","",'Weekly Audit'!K8) | E10: =IF('Weekly Audit'!M8="","",'Weekly Audit'!M8) | F10: ='Weekly Audit'!N8 -> Not Started | G10: =IF('Weekly Audit'!O8="","",'Weekly Audit'!O8) | H10: =IF('Weekly Audit'!Q8="","",'Weekly Audit'!Q8)
A11: ='Weekly Audit'!B9 -> 46258 | B11: =IF('Weekly Audit'!F9="","",'Weekly Audit'!F9) | C11: ='Weekly Audit'!H9 -> Not Started | D11: =IF('Weekly Audit'!K9="","",'Weekly Audit'!K9) | E11: =IF('Weekly Audit'!M9="","",'Weekly Audit'!M9) | F11: ='Weekly Audit'!N9 -> Not Started | G11: =IF('Weekly Audit'!O9="","",'Weekly Audit'!O9) | H11: =IF('Weekly Audit'!Q9="","",'Weekly Audit'!Q9)
A12: ='Weekly Audit'!B10 -> 46265 | B12: =IF('Weekly Audit'!F10="","",'Weekly Audit'!F10) | C12: ='Weekly Audit'!H10 -> Not Started | D12: =IF('Weekly Audit'!K10="","",'Weekly Audit'!K10) | E12: =IF('Weekly Audit'!M10="","",'Weekly Audit'!M10) | F12: ='Weekly Audit'!N10 -> Not Started | G12: =IF('Weekly Audit'!O10="","",'Weekly Audit'!O10) | H12: =IF('Weekly Audit'!Q10="","",'Weekly Audit'!Q10)
A13: ='Weekly Audit'!B11 -> 46272 | B13: =IF('Weekly Audit'!F11="","",'Weekly Audit'!F11) | C13: ='Weekly Audit'!H11 -> Not Started | D13: =IF('Weekly Audit'!K11="","",'Weekly Audit'!K11) | E13: =IF('Weekly Audit'!M11="","",'Weekly Audit'!M11) | F13: ='Weekly Audit'!N11 -> Not Started | G13: =IF('Weekly Audit'!O11="","",'Weekly Audit'!O11) | H13: =IF('Weekly Audit'!Q11="","",'Weekly Audit'!Q11)
A14: ='Weekly Audit'!B12 -> 46279 | B14: =IF('Weekly Audit'!F12="","",'Weekly Audit'!F12) | C14: ='Weekly Audit'!H12 -> Not Started | D14: =IF('Weekly Audit'!K12="","",'Weekly Audit'!K12) | E14: =IF('Weekly Audit'!M12="","",'Weekly Audit'!M12) | F14: ='Weekly Audit'!N12 -> Not Started | G14: =IF('Weekly Audit'!O12="","",'Weekly Audit'!O12) | H14: =IF('Weekly Audit'!Q12="","",'Weekly Audit'!Q12)
A15: ='Weekly Audit'!B13 -> 46286 | B15: =IF('Weekly Audit'!F13="","",'Weekly Audit'!F13) | C15: ='Weekly Audit'!H13 -> Not Started | D15: =IF('Weekly Audit'!K13="","",'Weekly Audit'!K13) | E15: =IF('Weekly Audit'!M13="","",'Weekly Audit'!M13) | F15: ='Weekly Audit'!N13 -> Not Started | G15: =IF('Weekly Audit'!O13="","",'Weekly Audit'!O13) | H15: =IF('Weekly Audit'!Q13="","",'Weekly Audit'!Q13)
A16: ='Weekly Audit'!B14 -> 46293 | B16: =IF('Weekly Audit'!F14="","",'Weekly Audit'!F14) | C16: ='Weekly Audit'!H14 -> Not Started | D16: =IF('Weekly Audit'!K14="","",'Weekly Audit'!K14) | E16: =IF('Weekly Audit'!M14="","",'Weekly Audit'!M14) | F16: ='Weekly Audit'!N14 -> Not Started | G16: =IF('Weekly Audit'!O14="","",'Weekly Audit'!O14) | H16: =IF('Weekly Audit'!Q14="","",'Weekly Audit'!Q14)
A17: ='Weekly Audit'!B15 -> 46300 | B17: =IF('Weekly Audit'!F15="","",'Weekly Audit'!F15) | C17: ='Weekly Audit'!H15 -> Not Started | D17: =IF('Weekly Audit'!K15="","",'Weekly Audit'!K15) | E17: =IF('Weekly Audit'!M15="","",'Weekly Audit'!M15) | F17: ='Weekly Audit'!N15 -> Not Started | G17: =IF('Weekly Audit'!O15="","",'Weekly Audit'!O15) | H17: =IF('Weekly Audit'!Q15="","",'Weekly Audit'!Q15)
A18: ='Weekly Audit'!B16 -> 46307 | B18: =IF('Weekly Audit'!F16="","",'Weekly Audit'!F16) | C18: ='Weekly Audit'!H16 -> Not Started | D18: =IF('Weekly Audit'!K16="","",'Weekly Audit'!K16) | E18: =IF('Weekly Audit'!M16="","",'Weekly Audit'!M16) | F18: ='Weekly Audit'!N16 -> Not Started | G18: =IF('Weekly Audit'!O16="","",'Weekly Audit'!O16) | H18: =IF('Weekly Audit'!Q16="","",'Weekly Audit'!Q16)
A19: ='Weekly Audit'!B17 -> 46314 | B19: =IF('Weekly Audit'!F17="","",'Weekly Audit'!F17) | C19: ='Weekly Audit'!H17 -> Not Started | D19: =IF('Weekly Audit'!K17="","",'Weekly Audit'!K17) | E19: =IF('Weekly Audit'!M17="","",'Weekly Audit'!M17) | F19: ='Weekly Audit'!N17 -> Not Started | G19: =IF('Weekly Audit'!O17="","",'Weekly Audit'!O17) | H19: =IF('Weekly Audit'!Q17="","",'Weekly Audit'!Q17)
A20: ='Weekly Audit'!B18 -> 46321 | B20: =IF('Weekly Audit'!F18="","",'Weekly Audit'!F18) | C20: ='Weekly Audit'!H18 -> Not Started | D20: =IF('Weekly Audit'!K18="","",'Weekly Audit'!K18) | E20: =IF('Weekly Audit'!M18="","",'Weekly Audit'!M18) | F20: ='Weekly Audit'!N18 -> Not Started | G20: =IF('Weekly Audit'!O18="","",'Weekly Audit'!O18) | H20: =IF('Weekly Audit'!Q18="","",'Weekly Audit'!Q18)
... A24: ='Weekly Audit'!B22 -> 46349 | B24: =IF('Weekly Audit'!F22="","",'Weekly Audit'!F22) | C24: ='Weekly Audit'!H22 -> Not Started | D24: =IF('Weekly Audit'!K22="","",'Weekly Audit'!K22) | E24: =IF('Weekly Audit'!M22="","",'Weekly Audit'!M22) | F24: ='Weekly Audit'!N22 -> Not Started | G24: =IF('Weekly Audit'!O22="","",'Weekly Audit'!O22) | H24: =IF('Weekly Audit'!Q22="","",'Weekly Audit'!Q22)
A25: Blue-shaded dates = first 4 audit weeks (complete by Aug 14, 2026); gray dates = remaining 12 weeks (complete by Aug 31, 2026).
A26: Interpretation
A27: Clinic-day counts are the simple executive guardrail. When a week appears compliant but usable capacity is still weak, review the notes for shortened sessions, location mix, timing during the week, new-patient slot availability, or a schedule that opened too late for demand generation.
