Workbook

Sheet Summary
B2: PL capacity & territory size — the two answers
B3: Book of record: Sep 3 (973 accounts, referral-evidence tiers). All numbers recalc from the Assumptions tab.
B5: Q1 — can we run the proposed cadence (T1 14d · T2 30d · Prospects 60d · drop T3)?
B6: No — not with three PLs, and not for Kristen's book under any cadence.
B8: Scenario | C8: Team visits/week required | D8: PLs needed (at 50/wk) | E8: PLs needed (at delivered ~44/wk) | F8: Kristen visits/wk | G8: Kristen PL-equiv
B9: A — current plan (T1 21 · T2 30 · T3 45 · P 45) | C9: ='Per-PL model'!F20 -> 206.63333 | D9: ='Per-PL model'!F21 -> 4.1326667 | E9: ='Per-PL model'!F22 -> 4.717656 | F9: ='Per-PL model'!C20 -> 82.466667 | G9: ='Per-PL model'!C21 -> 1.6493333
B10: B — proposed (T1 14 · T2 30 · T3 dropped · P 60) | C10: ='Per-PL model'!F30 -> 217.66667 | D10: ='Per-PL model'!F31 -> 4.3533333 | E10: ='Per-PL model'!F32 -> 4.9695586 | F10: ='Per-PL model'!C30 -> 98.85 | G10: ='Per-PL model'!C31 -> 1.977
B11: C — field-tuned (T1 21 · T2 30 · T3 45 · P 60 · attorneys monthly) | C11: ='Per-PL model'!F40 -> 185.65556 | D11: ='Per-PL model'!F41 -> 3.7131111 | E11: ='Per-PL model'!F42 -> 4.2387113 | F11: ='Per-PL model'!C40 -> 79.183333 | G11: ='Per-PL model'!C41 -> 1.5836667
B13: Even today's cadence (A) needs 4.1 PLs at the 50-stop assumption — 4.7 at the delivered ~44 pace. The proposal
B14: (B) makes it worse: raising Tier-1 frequency 1.5× (21d → 14d) adds ~36 team stops/week, while the prospect relief saves ~20 and dropping T3 saves ~5 — net +11.
B15: The binding problem is distribution, not cadence: Kristen holds 127 of 216 Tier 1s (59%) and all 13 attorney accounts.
B17: Q2 — optimal accounts per territory
B18: A PL is a 50-stop weekly budget; the right account count depends on mix (see Territory size tab):
B19: • producer-heavy book ≈ 200–235 accounts • prospect-heavy book ≈ 300–320 accounts
B20: Jasmine's book today is exactly one full PL at the field-tuned cadence. Kristen's is ~1.6–2.0 PLs. Coty's ~1.1.
B22: The decision this puts in front of Gautam
B23: The 973-account book needs 3.7–4.4 PLs at the 50-stop assumption (4.2–5.0 at the delivered ~44 pace) under any defensible cadence. Three ways to close the gap, combinable:
B24: 1. Add a 4th PL and rebalance the producer concentration out of Kristen's territory. (At delivered pace a 4th PL closes most, not all, of the gap — pair it with #2.)
B25: 2. Trim the book: 506 prospects at 60d still cost 59 stops/week (1.2 PLs of pure prospecting) — the
B26: promote/park cleanup the PLs already want is worth ~0.5 PL.
... B29: it revisits before the median 31-day referral lag has played out, and the field already rejected it.

Sheet Assumptions
B2: Assumptions — every number the model uses
B3: Amber cells are the levers. Change any of them and every tab recalculates. Visit intervals are calendar days; a week has 7 calendar days and 5 field days.
B5: Capacity
B6: Field days / week | C6: 5 | D6: Meetings, admin work, holidays and PTO cost real field days — set this to 4 to model a weekly admin day. (House rule: capacity numbers are never read as individual performance.)
B7: Stops / field day | C7: 10 | D7: The shared working assumption from the Sep 9 discussion.
B8: Theoretical stops / PL-week | C8: =C6*C7 -> 50 | D8: Field days × stops/day.
B9: Delivered stops / PL-week (actual) | C9: 43.8 | D9: MMC check-ins W1–W4 (Aug 3–28), company-day basis: team avg 43.8/PL-week. Source: Sep 3 activities export.
B10: Calendar days / week | C10: 7
B11: Cadence — A: current plan
B12: A · Tier 1 interval | C12: 21
B13: A · Tier 2 interval | C13: 30
B14: A · Tier 3 interval | C14: 45
B15: A · Prospect interval | C15: 45 | D15: 45-day first pass; the 90-day promote/park read can stretch steady-state to 90.
B16: A · Attorney Tier-1 in-person interval | C16: 21 | D16: Scenario A treats attorney T1s like any T1.
B17: Cadence — B: proposed (Gautam)
B18: B · Tier 1 interval | C18: 14
B19: B · Tier 2 interval | C19: 30
B20: B · Tier 3 interval | D20: Blank = Tier 3 excluded from the visit plan.
B21: B · Prospect interval | C21: 60
B22: B · Attorney Tier-1 in-person interval | C22: 14 | D22: Proposal treats attorney T1s like any T1.
B23: Cadence — C: field-tuned proposal
B24: C · Tier 1 interval | C24: 21 | D24: 14d was field-rejected Jul 22 ("too soon — we get annoying"); median visit→referral lag is 31 days.
B25: C · Tier 2 interval | C25: 30
B26: C · Tier 3 interval | C26: 45 | D26: Keeping T3 costs the team only ~5 stops/week (34 accounts, 142 referrals in 15 months).
B27: C · Prospect interval | C27: 60 | D27: The proposal's real relief: −20 team stops/week vs the 45-day first pass.
B28: C · Attorney Tier-1 in-person interval | C28: 30 | D28: Attorneys are worked by phone/email weekly (Kristen); in-person monthly. 13 attorney T1s, all Kristen — 269 referrals in 15 months, 259 via the telehealth channel.

Sheet Per-PL model
B2: Required visits per week — current book, by PL and scenario
B3: Book of record: Sep 3 refresh (973 accounts, referral-evidence tiers, incl. last week's 111 adds). Weekly visits = accounts × 7 ÷ interval. Attorney Tier 1s are modeled separately so their in-person interval can differ from the drive-to Tier 1s.
B5: Account counts (Sep 3 book)
C6: Kristen | D6: Jasmine | E6: Coty | F6: Team
B7: Tier 1 — attorney/legal | C7: 13 | D7: 0 | E7: 0 | F7: =SUM(C7:E7) -> 13
B8: Tier 1 — all other | C8: 114 | D8: 34 | E8: 55 | F8: =SUM(C8:E8) -> 203
B9: Tier 2 | C9: 126 | D9: 42 | E9: 49 | F9: =SUM(C9:E9) -> 217
B10: Tier 3 | C10: 18 | D10: 10 | E10: 6 | F10: =SUM(C10:E10) -> 34
B11: Prospects | C11: 51 | D11: 234 | E11: 221 | F11: =SUM(C11:E11) -> 506
B12: Total accounts | C12: =SUM(C7:C11) -> 322 | D12: =SUM(D7:D11) -> 320 | E12: =SUM(E7:E11) -> 331 | F12: =SUM(F7:F11) -> 973
B14: Scenario A — current plan (T1 21 · T2 30 · T3 45 · P 45)
B15: Tier 1 — attorney/legal | C15: =IF(Assumptions!$C$16="",0,C7*Assumptions!$C$10/Assumptions!$C$16) -> 4.3333333 | D15: =IF(Assumptions!$C$16="",0,D7*Assumptions!$C$10/Assumptions!$C$16) -> 0 | E15: =IF(Assumptions!$C$16="",0,E7*Assumptions!$C$10/Assumptions!$C$16) -> 0 | F15: =SUM(C15:E15) -> 4.3333333
B16: Tier 1 — all other | C16: =IF(Assumptions!$C$12="",0,C8*Assumptions!$C$10/Assumptions!$C$12) -> 38 | D16: =IF(Assumptions!$C$12="",0,D8*Assumptions!$C$10/Assumptions!$C$12) -> 11.333333 | E16: =IF(Assumptions!$C$12="",0,E8*Assumptions!$C$10/Assumptions!$C$12) -> 18.333333 | F16: =SUM(C16:E16) -> 67.666667
B17: Tier 2 | C17: =IF(Assumptions!$C$13="",0,C9*Assumptions!$C$10/Assumptions!$C$13) -> 29.4 | D17: =IF(Assumptions!$C$13="",0,D9*Assumptions!$C$10/Assumptions!$C$13) -> 9.8 | E17: =IF(Assumptions!$C$13="",0,E9*Assumptions!$C$10/Assumptions!$C$13) -> 11.433333 | F17: =SUM(C17:E17) -> 50.633333
B18: Tier 3 | C18: =IF(Assumptions!$C$14="",0,C10*Assumptions!$C$10/Assumptions!$C$14) -> 2.8 | D18: =IF(Assumptions!$C$14="",0,D10*Assumptions!$C$10/Assumptions!$C$14) -> 1.5555556 | E18: =IF(Assumptions!$C$14="",0,E10*Assumptions!$C$10/Assumptions!$C$14) -> 0.93333333 | F18: =SUM(C18:E18) -> 5.2888889
B19: Prospects | C19: =IF(Assumptions!$C$15="",0,C11*Assumptions!$C$10/Assumptions!$C$15) -> 7.9333333 | D19: =IF(Assumptions!$C$15="",0,D11*Assumptions!$C$10/Assumptions!$C$15) -> 36.4 | E19: =IF(Assumptions!$C$15="",0,E11*Assumptions!$C$10/Assumptions!$C$15) -> 34.377778 | F19: =SUM(C19:E19) -> 78.711111
B20: Visits required / week | C20: =SUM(C15:C19) -> 82.466667 | D20: =SUM(D15:D19) -> 59.088889 | E20: =SUM(E15:E19) -> 65.077778 | F20: =SUM(F15:F19) -> 206.63333
B21: PL-equivalents at theoretical capacity (Team = PLs needed) | C21: =C20/Assumptions!$C$8 -> 1.6493333 | D21: =D20/Assumptions!$C$8 -> 1.1817778 | E21: =E20/Assumptions!$C$8 -> 1.3015556 | F21: =F20/Assumptions!$C$8 -> 4.1326667
B22: PL-equivalents at delivered pace (43.8/wk) (Team = PLs needed) | C22: =C20/Assumptions!$C$9 -> 1.8828006 | D22: =D20/Assumptions!$C$9 -> 1.3490614 | E22: =E20/Assumptions!$C$9 -> 1.485794 | F22: =F20/Assumptions!$C$9 -> 4.717656
B24: Scenario B — proposed (T1 14 · T2 30 · T3 dropped · P 60)
B25: Tier 1 — attorney/legal | C25: =IF(Assumptions!$C$22="",0,C7*Assumptions!$C$10/Assumptions!$C$22) -> 6.5 | D25: =IF(Assumptions!$C$22="",0,D7*Assumptions!$C$10/Assumptions!$C$22) -> 0 | E25: =IF(Assumptions!$C$22="",0,E7*Assumptions!$C$10/Assumptions!$C$22) -> 0 | F25: =SUM(C25:E25) -> 6.5
B26: Tier 1 — all other | C26: =IF(Assumptions!$C$18="",0,C8*Assumptions!$C$10/Assumptions!$C$18) -> 57 | D26: =IF(Assumptions!$C$18="",0,D8*Assumptions!$C$10/Assumptions!$C$18) -> 17 | E26: =IF(Assumptions!$C$18="",0,E8*Assumptions!$C$10/Assumptions!$C$18) -> 27.5 | F26: =SUM(C26:E26) -> 101.5
B27: Tier 2 | C27: =IF(Assumptions!$C$19="",0,C9*Assumptions!$C$10/Assumptions!$C$19) -> 29.4 | D27: =IF(Assumptions!$C$19="",0,D9*Assumptions!$C$10/Assumptions!$C$19) -> 9.8 | E27: =IF(Assumptions!$C$19="",0,E9*Assumptions!$C$10/Assumptions!$C$19) -> 11.433333 | F27: =SUM(C27:E27) -> 50.633333
B28: Tier 3 | C28: =IF(Assumptions!$C$20="",0,C10*Assumptions!$C$10/Assumptions!$C$20) -> 0 | D28: =IF(Assumptions!$C$20="",0,D10*Assumptions!$C$10/Assumptions!$C$20) -> 0 | E28: =IF(Assumptions!$C$20="",0,E10*Assumptions!$C$10/Assumptions!$C$20) -> 0 | F28: =SUM(C28:E28) -> 0
B29: Prospects | C29: =IF(Assumptions!$C$21="",0,C11*Assumptions!$C$10/Assumptions!$C$21) -> 5.95 | D29: =IF(Assumptions!$C$21="",0,D11*Assumptions!$C$10/Assumptions!$C$21) -> 27.3 | E29: =IF(Assumptions!$C$21="",0,E11*Assumptions!$C$10/Assumptions!$C$21) -> 25.783333 | F29: =SUM(C29:E29) -> 59.033333
B30: Visits required / week | C30: =SUM(C25:C29) -> 98.85 | D30: =SUM(D25:D29) -> 54.1 | E30: =SUM(E25:E29) -> 64.716667 | F30: =SUM(F25:F29) -> 217.66667
B31: PL-equivalents at theoretical capacity (Team = PLs needed) | C31: =C30/Assumptions!$C$8 -> 1.977 | D31: =D30/Assumptions!$C$8 -> 1.082 | E31: =E30/Assumptions!$C$8 -> 1.2943333 | F31: =F30/Assumptions!$C$8 -> 4.3533333
B32: PL-equivalents at delivered pace (43.8/wk) (Team = PLs needed) | C32: =C30/Assumptions!$C$9 -> 2.2568493 | D32: =D30/Assumptions!$C$9 -> 1.2351598 | E32: =E30/Assumptions!$C$9 -> 1.4775495 | F32: =F30/Assumptions!$C$9 -> 4.9695586
B34: Scenario C — field-tuned (T1 21 · T2 30 · T3 45 · P 60 · attorneys monthly)
B35: Tier 1 — attorney/legal | C35: =IF(Assumptions!$C$28="",0,C7*Assumptions!$C$10/Assumptions!$C$28) -> 3.0333333 | D35: =IF(Assumptions!$C$28="",0,D7*Assumptions!$C$10/Assumptions!$C$28) -> 0 | E35: =IF(Assumptions!$C$28="",0,E7*Assumptions!$C$10/Assumptions!$C$28) -> 0 | F35: =SUM(C35:E35) -> 3.0333333
B36: Tier 1 — all other | C36: =IF(Assumptions!$C$24="",0,C8*Assumptions!$C$10/Assumptions!$C$24) -> 38 | D36: =IF(Assumptions!$C$24="",0,D8*Assumptions!$C$10/Assumptions!$C$24) -> 11.333333 | E36: =IF(Assumptions!$C$24="",0,E8*Assumptions!$C$10/Assumptions!$C$24) -> 18.333333 | F36: =SUM(C36:E36) -> 67.666667
B37: Tier 2 | C37: =IF(Assumptions!$C$25="",0,C9*Assumptions!$C$10/Assumptions!$C$25) -> 29.4 | D37: =IF(Assumptions!$C$25="",0,D9*Assumptions!$C$10/Assumptions!$C$25) -> 9.8 | E37: =IF(Assumptions!$C$25="",0,E9*Assumptions!$C$10/Assumptions!$C$25) -> 11.433333 | F37: =SUM(C37:E37) -> 50.633333
B38: Tier 3 | C38: =IF(Assumptions!$C$26="",0,C10*Assumptions!$C$10/Assumptions!$C$26) -> 2.8 | D38: =IF(Assumptions!$C$26="",0,D10*Assumptions!$C$10/Assumptions!$C$26) -> 1.5555556 | E38: =IF(Assumptions!$C$26="",0,E10*Assumptions!$C$10/Assumptions!$C$26) -> 0.93333333 | F38: =SUM(C38:E38) -> 5.2888889
B39: Prospects | C39: =IF(Assumptions!$C$27="",0,C11*Assumptions!$C$10/Assumptions!$C$27) -> 5.95 | D39: =IF(Assumptions!$C$27="",0,D11*Assumptions!$C$10/Assumptions!$C$27) -> 27.3 | E39: =IF(Assumptions!$C$27="",0,E11*Assumptions!$C$10/Assumptions!$C$27) -> 25.783333 | F39: =SUM(C39:E39) -> 59.033333
B40: Visits required / week | C40: =SUM(C35:C39) -> 79.183333 | D40: =SUM(D35:D39) -> 49.988889 | E40: =SUM(E35:E39) -> 56.483333 | F40: =SUM(F35:F39) -> 185.65556
B41: PL-equivalents at theoretical capacity (Team = PLs needed) | C41: =C40/Assumptions!$C$8 -> 1.5836667 | D41: =D40/Assumptions!$C$8 -> 0.99977778 | E41: =E40/Assumptions!$C$8 -> 1.1296667 | F41: =F40/Assumptions!$C$8 -> 3.7131111
B42: PL-equivalents at delivered pace (43.8/wk) (Team = PLs needed) | C42: =C40/Assumptions!$C$9 -> 1.8078387 | D42: =D40/Assumptions!$C$9 -> 1.1412988 | E42: =E40/Assumptions!$C$9 -> 1.2895738 | F42: =F40/Assumptions!$C$9 -> 4.2387113

Sheet Territory size
B2: Q2 — what is the optimal number of accounts per PL?
B3: There is no single number: a PL is a weekly stop budget, and account count depends on the tier mix. Each account "costs" 7 ÷ interval stops per week. Budget = stops/day × field days (50 today).
B5: Weekly cost per account, by tier and interval
B6: Tier / interval | C6: Interval (days) | D6: Stops/week each | E6: Accounts one PL could hold if the book were ONLY this tier
B7: Tier 1 at proposed 14d | C7: =Assumptions!$C$18 -> 14 | D7: =Assumptions!$C$10/Assumptions!$C$18 -> 0.5 | E7: =ROUND(Assumptions!$C$8/D7,0) -> 100
B8: Tier 1 at field-tested 21d | C8: =Assumptions!$C$12 -> 21 | D8: =Assumptions!$C$10/Assumptions!$C$12 -> 0.33333333 | E8: =ROUND(Assumptions!$C$8/D8,0) -> 150
B9: Tier 2 at 30d | C9: =Assumptions!$C$13 -> 30 | D9: =Assumptions!$C$10/Assumptions!$C$13 -> 0.23333333 | E9: =ROUND(Assumptions!$C$8/D9,0) -> 214
B10: Tier 3 at 45d | C10: =Assumptions!$C$14 -> 45 | D10: =Assumptions!$C$10/Assumptions!$C$14 -> 0.15555556 | E10: =ROUND(Assumptions!$C$8/D10,0) -> 321
B11: Prospect at 45d (current first pass) | C11: =Assumptions!$C$15 -> 45 | D11: =Assumptions!$C$10/Assumptions!$C$15 -> 0.15555556 | E11: =ROUND(Assumptions!$C$8/D11,0) -> 321
B12: Prospect at proposed 60d | C12: =Assumptions!$C$27 -> 60 | D12: =Assumptions!$C$10/Assumptions!$C$27 -> 0.11666667 | E12: =ROUND(Assumptions!$C$8/D12,0) -> 429
B13: Attorney T1, in-person monthly | C13: =Assumptions!$C$28 -> 30 | D13: =Assumptions!$C$10/Assumptions!$C$28 -> 0.23333333 | E13: =ROUND(Assumptions!$C$8/D13,0) -> 214
B15: Example sustainable books (one PL, 50-stop budget)
B16: Mix | C16: T1 | D16: T2 | E16: T3 | F16: Prospects | G16: Total accounts | H16: Stops/week
B17: Producer-heavy (T1 21d · P 60d) | C17: 55 | D17: 55 | E17: 10 | F17: 90 | G17: =SUM(C17:F17) -> 210 | H17: =C17*Assumptions!$C$10/Assumptions!$C$12+D17*Assumptions!$C$10/Assumptions!$C$13+E17*Assumptions!$C$10/Assumptions!$C$14+F17*Assumptions!$C$10/Assumptions!$C$27 -> 43.222222
B18: Balanced (T1 21d · P 60d) | C18: 40 | D18: 55 | E18: 10 | F18: 160 | G18: =SUM(C18:F18) -> 265 | H18: =C18*Assumptions!$C$10/Assumptions!$C$12+D18*Assumptions!$C$10/Assumptions!$C$13+E18*Assumptions!$C$10/Assumptions!$C$14+F18*Assumptions!$C$10/Assumptions!$C$27 -> 46.388889
B19: Prospect-heavy (T1 21d · P 60d) | C19: 25 | D19: 40 | E19: 10 | F19: 250 | G19: =SUM(C19:F19) -> 325 | H19: =C19*Assumptions!$C$10/Assumptions!$C$12+D19*Assumptions!$C$10/Assumptions!$C$13+E19*Assumptions!$C$10/Assumptions!$C$14+F19*Assumptions!$C$10/Assumptions!$C$27 -> 48.388889
B20: Producer-heavy at proposed T1 14d | C20: 40 | D20: 50 | E20: 0 | F20: 90 | G20: =SUM(C20:F20) -> 180 | H20: =C20*Assumptions!$C$10/Assumptions!$C$18+D20*Assumptions!$C$10/Assumptions!$C$13+E20*Assumptions!$C$10/Assumptions!$C$14+F20*Assumptions!$C$10/Assumptions!$C$27 -> 42.166667
B21: Reference: Jasmine's actual book (34 T1 · 42 T2 · 10 T3 · 234 P) at the field-tuned cadence needs exactly 50.0 stops/week — one full PL. The example mixes above land at 43–48 on purpose: 2–7 stops/week of slack covers recovery visits, same-day thank-yous, and new-referral follow-ups.
B23: Rules of thumb
B24: • Producer-heavy book (50+ Tier 1s): ~200–235 accounts is full.
B25: • Prospect-heavy book (~30 Tier 1s): ~300–320 accounts is full.
B26: • Every Tier 1 at 14 days costs 1.0% of a PL; at 21 days it costs 0.67%.
B27: • Kristen's 127 Tier 1s alone consume 63.5 stops/week at 14d — 127% of one PL before a single Tier 2 or prospect.

Sheet Evidence
B2: What the data says about the levers
B5: Delivered pace (MMC check-ins, W1–W4 Aug 3–28, company-day basis)
B6: Kristen | C6: 40 · 42 · 36 · 47 (avg 41/week)
B7: Jasmine | C7: 22 · 55 · 44 · 48 (avg 42/week)
B8: Coty | C8: 41 · 41 · 54 · 55 (avg 48/week)
B9: Team average per PL-week | C9: 43.8 — the honest capacity number is ~44, not 50 (meetings, admin, holidays are real)
B11: Production by tier — 15-month referral ledger (Jun 2025 – Aug 2026)
B12: Tier 1 (216 accts) | C12: 1,912 referrals · 461 spine — the franchise; protect first
B13: Tier 2 (217 accts) | C13: 1,032 referrals · 73 spine — the cross-sell upside the 30d rhythm exists for
B14: Tier 3 (34 accts) | C14: 142 referrals · 14 spine · 33 of 34 sent something. Dropping T3 saves only ~5 team stops/week — it is not a lever, and it cuts live senders
B15: Attorney Tier 1s (13, all Kristen) | C15: 269 referrals · 259 via the telehealth/auto-intake channel. Worked by phone/email weekly today; in-person monthly is the right cadence — frees ~3.5 drive stops/week vs 14d
B17: Why 14 days is the wrong Tier-1 rhythm
B18: Field test (Jul 22) | C18: Kristen: 14-day was rejected as "too soon — we get annoying"; 21d chosen
B19: Referral physics | C19: Median visit→first-appointment lag is 31 days (83% within 60) — a 14-day loop revisits before the last visit's referrals have even landed
B21: Tier changes still in flight
B22: Joel's updated tier file (sent Sep 8) | C22: Not yet folded in. Kristen reports more T2→T1 moves. Re-run this model when it lands — amber counts on "Per-PL model" are the only cells to update
B24: Meeting-sheet reconciliation
B25: Meeting counts (Kristen 252 · Coty 300 · Jasmine 310) | C25: That was the pre-Sep-3 book. Last week's 111 adds: Kristen +70 (30 T1 · 31 T2 · 9 P), Coty +31 (18 T1 · 10 T2 · 3 P), Jasmine +10. Current: Kristen 322 · Jasmine 320 · Coty 331

Sheet Meeting version (Sep 9)
B2: Physician liaison capacity comparison
B3: Proposed cadence for the three territories reviewed. Visit intervals use calendar days.
B5: Weekly capacity | C5: First territory* | D5: Coty | E5: Jasmine | F5: Combined
B6: Accounts included | C6: =SUM(C23:C25) -> 234 | D6: =SUM(D23:D25) -> 294 | E6: =SUM(E23:E25) -> 300 | F6: =SUM(C6:E6) -> 828
B7: Visits required / week | C7: =SUM(C15:C17) -> 75.566667 | D7: =SUM(D15:D17) -> 53.033333 | E7: =SUM(E15:E17) -> 51.166667 | F7: =SUM(C7:E7) -> 179.76667
B8: Visit capacity / week | C8: =$C$33*$C$34 -> 50 | D8: =$C$33*$C$34 -> 50 | E8: =$C$33*$C$34 -> 50 | F8: =SUM(C8:E8) -> 150
B9: Weekly gap: required minus capacity | C9: =C7-C8 -> 25.566667 | D9: =D7-D8 -> 3.0333333 | E9: =E7-E8 -> 1.1666667 | F9: =SUM(C9:E9) -> 29.766667
B10: Workload above capacity | C10: =C9/C8 -> 0.51133333 | D10: =D9/D8 -> 0.060666667 | E10: =E9/E8 -> 0.023333333 | F10: =F9/F8 -> 0.19844444
B11: Stops required / working day | C11: =C7/$C$33 -> 15.113333 | D11: =D7/$C$33 -> 10.606667 | E11: =E7/$C$33 -> 10.233333 | F11: =SUM(C11:E11) -> 35.953333
B12: Workload in PL equivalents | C12: =C7/C8 -> 1.5113333 | D12: =D7/D8 -> 1.0606667 | E12: =E7/E8 -> 1.0233333 | F12: =SUM(C12:E12) -> 3.5953333
B14: Weekly visits by tier
B15: Tier 1 | C15: =C23*$C$35/$C$30 -> 48.5 | D15: =D23*$C$35/$C$30 -> 18.5 | E15: =E23*$C$35/$C$30 -> 15 | F15: =SUM(C15:E15) -> 82
B16: Tier 2 | C16: =C24*$C$35/$C$31 -> 22.166667 | D16: =D24*$C$35/$C$31 -> 9.1 | E16: =E24*$C$35/$C$31 -> 9.3333333 | F16: =SUM(C16:E16) -> 40.6
B17: Prospects | C17: =C25*$C$35/$C$32 -> 4.9 | D17: =D25*$C$35/$C$32 -> 25.433333 | E17: =E25*$C$35/$C$32 -> 26.833333 | F17: =SUM(C17:E17) -> 57.166667
B19: Account inputs
B20: Source: Account counts and operating assumptions from the discussion supplied in this chat.
B21: Account counts | C21: First territory* | D21: Coty | E21: Jasmine | F21: Combined
B22: Reported total | C22: 252 | D22: 300 | E22: 310 | F22: =SUM(C22:E22) -> 862
B23: Tier 1 | C23: 97 | D23: 37 | E23: 30 | F23: =SUM(C23:E23) -> 164
B24: Tier 2 | C24: 95 | D24: 39 | E24: 40 | F24: =SUM(C24:E24) -> 174
B25: Prospects | C25: 42 | D25: 218 | E25: 230 | F25: =SUM(C25:E25) -> 490
B27: Amber cells are editable inputs. Update counts after account cleanup and tier changes.
B29: Shared assumptions | C29: Value
B30: Tier 1 interval: calendar days | C30: 14 | E30: Weekly visits = accounts × 7 ÷ interval.
B31: Tier 2 interval: calendar days | C31: 30 | E31: Five field days do not include weekends.
B32: Prospect interval: calendar days | C32: 60 | E32: PL equivalents = visits ÷ weekly capacity.
B33: Field days / week | C33: 5 | E33: Set field days to 4 for an admin day.
B34: Stops / field day | C34: 10
B35: Calendar days / week | C35: 7
B38: Count reconciliation | C38: First territory* | D38: Coty | E38: Jasmine | F38: Combined
B39: Reported accounts outside this model | C39: =C22-SUM(C23:C25) -> 18 | D39: =D22-SUM(D23:D25) -> 6 | E39: =E22-SUM(E23:E25) -> 10 | F39: =SUM(C39:E39) -> 34
B40: First territory: 18 excluded Tier 3 accounts. Coty: 6 and Jasmine: 10 accounts need classification.
B41: *First territory owner is not clearly named in the transcript. Confirm the name before sharing.
B42: Full field weeks assumed. Meetings, admin work, holidays and PTO reduce available field time.
B43: One account visit is treated as one stop. Travel and account availability have not been validated.
B44: Totals use unrounded values. PL equivalents measure workload, not a final hiring recommendation.
